{
  "labels_val_unseen_font": {
    "l1": 0.11367035390678466,
    "ssim": 0.8314216223202253,
    "vgg": 0.371151045749062,
    "n": 1140
  },
  "labels_val_unseen_char": {
    "l1": 0.14224909855606588,
    "ssim": 0.8122719726047001,
    "vgg": 0.4205620466051875,
    "n": 740
  },
  "labels_val_unseen_both": {
    "l1": 0.1536027866229415,
    "ssim": 0.7976054161787033,
    "vgg": 0.4391579294204712,
    "n": 100
  }
}